Date,Cumulative,Daily,Daily_MA7
2020-01-22,1,0.0,
2020-01-23,1,0.0,
2020-01-24,2,1.0,
2020-01-25,2,0.0,
2020-01-26,5,3.0,
2020-01-27,5,0.0,
2020-01-28,5,0.0,0.5714285714285714
2020-01-29,6,1.0,0.7142857142857143
2020-01-30,6,0.0,0.7142857142857143
2020-01-31,8,2.0,0.8571428571428571
2020-02-01,8,0.0,0.8571428571428571
2020-02-02,8,0.0,0.42857142857142855
2020-02-03,11,3.0,0.8571428571428571
2020-02-04,11,0.0,0.8571428571428571
2020-02-05,11,0.0,0.7142857142857143
2020-02-06,12,1.0,0.8571428571428571
2020-02-07,12,0.0,0.5714285714285714
2020-02-08,12,0.0,0.5714285714285714
2020-02-09,12,0.0,0.5714285714285714
2020-02-10,12,0.0,0.14285714285714285
2020-02-11,13,1.0,0.2857142857142857
2020-02-12,13,0.0,0.2857142857142857
2020-02-13,14,1.0,0.2857142857142857
2020-02-14,14,0.0,0.2857142857142857
2020-02-15,14,0.0,0.2857142857142857
2020-02-16,14,0.0,0.2857142857142857
2020-02-17,15,1.0,0.42857142857142855
2020-02-18,16,1.0,0.42857142857142855
2020-02-19,16,0.0,0.42857142857142855
2020-02-20,16,0.0,0.2857142857142857
2020-02-21,16,0.0,0.2857142857142857
2020-02-22,16,0.0,0.2857142857142857
2020-02-23,16,0.0,0.2857142857142857
2020-02-24,17,1.0,0.2857142857142857
2020-02-25,18,1.0,0.2857142857142857
2020-02-26,19,1.0,0.42857142857142855
2020-02-27,19,0.0,0.42857142857142855
2020-02-28,19,0.0,0.42857142857142855
2020-02-29,26,7.0,1.4285714285714286
2020-03-01,39,13.0,3.2857142857142856
2020-03-02,57,18.0,5.714285714285714
2020-03-03,79,22.0,8.714285714285714
2020-03-04,113,34.0,13.428571428571429
2020-03-05,184,71.0,23.571428571428573
2020-03-06,247,63.0,32.57142857142857
2020-03-07,417,170.0,55.857142857142854
2020-03-08,538,121.0,71.28571428571429
2020-03-09,630,92.0,81.85714285714286
2020-03-10,797,167.0,102.57142857142857
2020-03-11,1156,359.0,149.0
2020-03-12,1596,440.0,201.71428571428572
2020-03-13,2222,626.0,282.14285714285717
2020-03-14,2952,730.0,362.14285714285717
2020-03-15,3234,282.0,385.14285714285717
2020-03-16,4667,1433.0,576.7142857142857
2020-03-17,6450,1783.0,807.5714285714286
2020-03-18,9156,2706.0,1142.857142857143
2020-03-19,13663,4507.0,1723.857142857143
2020-03-20,20064,6401.0,2548.8571428571427
2020-03-21,26056,5992.0,3300.5714285714284
2020-03-22,34944,8888.0,4530.0
2020-03-23,46096,11152.0,5918.428571428572
2020-03-24,56714,10618.0,7180.571428571428
2020-03-25,68841,12127.0,8526.42857142857
2020-03-26,86662,17821.0,10428.42857142857
2020-03-27,105253,18591.0,12169.857142857143
2020-03-28,127417,22164.0,14480.142857142857
2020-03-29,143544,16127.0,15514.285714285714
2020-03-30,165698,22154.0,17086.0
2020-03-31,192079,26381.0,19337.85714285714
2020-04-01,227543,35464.0,22671.714285714286
2020-04-02,259798,32255.0,24733.714285714286
2020-04-03,292201,32403.0,26706.85714285714
2020-04-04,323965,31764.0,28078.285714285714
2020-04-05,353117,29152.0,29939.0
2020-04-06,385110,31993.0,31344.571428571428
2020-04-07,415256,30146.0,31882.428571428572
2020-04-08,446500,31244.0,31279.571428571428
2020-04-09,481981,35481.0,31740.428571428572
2020-04-10,516396,34415.0,32027.85714285714
2020-04-11,545313,28917.0,31621.14285714286
2020-04-12,571551,26238.0,31204.85714285714
2020-04-13,598789,27238.0,30525.571428571428
2020-04-14,627306,28517.0,30292.85714285714
2020-04-15,653345,26039.0,29549.285714285714
2020-04-16,682962,29617.0,28711.571428571428
2020-04-17,716152,33190.0,28536.571428571428
2020-04-18,743464,27312.0,28307.285714285714
2020-04-19,768888,25424.0,28191.0
2020-04-20,799149,30261.0,28622.85714285714
2020-04-21,825478,26329.0,28310.285714285714
2020-04-22,855445,29967.0,28871.428571428572
2020-04-23,887523,32078.0,29223.0
2020-04-24,919014,31491.0,28980.285714285714
2020-04-25,949640,30626.0,29453.714285714286
2020-04-26,975537,25897.0,29521.285714285714
2020-04-27,1000230,24693.0,28725.85714285714
2020-04-28,1024834,24604.0,28479.428571428572
2020-04-29,1051643,26809.0,28028.285714285714
2020-04-30,1081150,29507.0,27661.0
2020-05-01,1115972,34822.0,28136.85714285714
2020-05-02,1142619,26647.0,27568.428571428572
2020-05-03,1166189,23570.0,27236.0
2020-05-04,1190240,24051.0,27144.285714285714
2020-05-05,1214321,24081.0,27069.571428571428
2020-05-06,1238694,24373.0,26721.571428571428
2020-05-07,1266904,28210.0,26536.285714285714
2020-05-08,1294111,27207.0,25448.428571428572
2020-05-09,1318358,24247.0,25105.571428571428
2020-05-10,1337061,18703.0,24410.285714285714
2020-05-11,1356283,19222.0,23720.428571428572
2020-05-12,1379661,23378.0,23620.0
2020-05-13,1399662,20001.0,22995.428571428572
2020-05-14,1425539,25877.0,22662.14285714286
2020-05-15,1449938,24399.0,22261.0
2020-05-16,1473806,23868.0,22206.85714285714
2020-05-17,1492449,18643.0,22198.285714285714
2020-05-18,1514833,22384.0,22650.0
2020-05-19,1535591,20758.0,22275.714285714286
2020-05-20,1558430,22839.0,22681.14285714286
2020-05-21,1583542,25112.0,22571.85714285714
2020-05-22,1607464,23922.0,22503.714285714286
2020-05-23,1627392,19928.0,21940.85714285714
2020-05-24,1647513,20121.0,22152.0
2020-05-25,1666699,19186.0,21695.14285714286
2020-05-26,1685395,18696.0,21400.571428571428
2020-05-27,1704200,18805.0,20824.285714285714
2020-05-28,1725329,21129.0,20255.285714285714
2020-05-29,1750066,24737.0,20371.714285714286
2020-05-30,1772783,22717.0,20770.14285714286
2020-05-31,1791547,18764.0,20576.285714285714
2020-06-01,1809384,17837.0,20383.571428571428
2020-06-02,1829340,19956.0,20563.571428571428
2020-06-03,1848388,19048.0,20598.285714285714
2020-06-04,1876099,27711.0,21538.571428571428
2020-06-05,1902280,26181.0,21744.85714285714
2020-06-06,1922433,20153.0,21378.571428571428
2020-06-07,1940242,17809.0,21242.14285714286
2020-06-08,1957154,16912.0,21110.0
2020-06-09,1977478,20324.0,21162.571428571428
2020-06-10,1999224,21746.0,21548.0
2020-06-11,2021527,22303.0,20775.428571428572
2020-06-12,2047082,25555.0,20686.0
2020-06-13,2071218,24136.0,21255.0
2020-06-14,2090171,18953.0,21418.428571428572
2020-06-15,2111266,21095.0,22016.0
2020-06-16,2135894,24628.0,22630.85714285714
2020-06-17,2162973,27079.0,23392.714285714286
2020-06-18,2191211,28238.0,24240.571428571428
2020-06-19,2222207,30996.0,25017.85714285714
2020-06-20,2254073,31866.0,26122.14285714286
2020-06-21,2279932,25859.0,27108.714285714286
2020-06-22,2309921,29989.0,28379.285714285714
2020-06-23,2348750,38829.0,30408.0
2020-06-24,2385029,36279.0,31722.285714285714
2020-06-25,2424386,39357.0,33310.71428571428
2020-06-26,2473472,49086.0,35895.0
2020-06-27,2514305,40833.0,37176.0
2020-06-28,2557223,42918.0,39613.0
2020-06-29,2598741,41518.0,41260.0
2020-06-30,2648797,50056.0,42863.857142857145
2020-07-01,2698127,49330.0,44728.28571428572
2020-07-02,2753211,55084.0,46975.0
2020-07-03,2804869,51658.0,47342.42857142857
2020-07-04,2850893,46024.0,48084.0
2020-07-05,2904843,53950.0,49660.0
2020-07-06,2948475,43632.0,49962.0
2020-07-07,3005888,57413.0,51013.0
2020-07-08,3066392,60504.0,52609.28571428572
2020-07-09,3126225,59833.0,53287.71428571428
2020-07-10,3194747,68522.0,55696.857142857145
2020-07-11,3255188,60441.0,57756.42857142857
2020-07-12,3315408,60220.0,58652.142857142855
2020-07-13,3375033,59625.0,60936.857142857145
2020-07-14,3440790,65757.0,62128.857142857145
2020-07-15,3507089,66299.0,62956.71428571428
2020-07-16,3577863,70774.0,64519.71428571428
2020-07-17,3644285,66422.0,64219.71428571428
2020-07-18,3708610,64325.0,64774.57142857143
2020-07-19,3767603,58993.0,64599.28571428572
2020-07-20,3828459,60856.0,64775.142857142855
2020-07-21,3896754,68295.0,65137.71428571428
2020-07-22,3964204,67450.0,65302.142857142855
2020-07-23,4031971,67767.0,64872.57142857143
2020-07-24,4106920,74949.0,66090.71428571429
2020-07-25,4170675,63755.0,66009.28571428571
2020-07-26,4226306,55631.0,65529.0
2020-07-27,4286303,59997.0,65406.28571428572
2020-07-28,4350867,64564.0,64873.28571428572
2020-07-29,4414919,64052.0,64387.857142857145
2020-07-30,4484123,69204.0,64593.142857142855
2020-07-31,4548498,64375.0,63082.57142857143
2020-08-01,4605922,57424.0,62178.142857142855
2020-08-02,4652811,46889.0,60929.28571428572
2020-08-03,4694707,41896.0,58343.42857142857
2020-08-04,4756328,61621.0,57923.0
2020-08-05,4810465,54137.0,56506.57142857143
2020-08-06,4870501,60036.0,55196.857142857145
2020-08-07,4930942,60441.0,54634.857142857145
2020-08-08,4994709,63767.0,55541.0
2020-08-09,5048872,54163.0,56580.142857142855
2020-08-10,5100509,51637.0,57971.71428571428
2020-08-11,5157385,56876.0,57293.857142857145
2020-08-12,5212607,55222.0,57448.857142857145
2020-08-13,5264053,51446.0,56221.71428571428
2020-08-14,5334125,70072.0,57597.57142857143
2020-08-15,5386450,52325.0,55963.0
2020-08-16,5421027,34577.0,53165.0
2020-08-17,5459024,37997.0,51216.42857142857
2020-08-18,5503999,44975.0,49516.28571428572
2020-08-19,5549914,45915.0,48186.71428571428
2020-08-20,5595049,45135.0,47285.142857142855
2020-08-21,5642949,47900.0,44117.71428571428
2020-08-22,5688220,45271.0,43110.0
2020-08-23,5720123,31903.0,42728.0
2020-08-24,5754214,34091.0,42170.0
2020-08-25,5796776,42562.0,41825.28571428572
2020-08-26,5838968,42192.0,41293.42857142857
2020-08-27,5889405,50437.0,42050.857142857145
2020-08-28,5935725,46320.0,41825.142857142855
2020-08-29,5978796,43071.0,41510.857142857145
2020-08-30,6012964,34168.0,41834.42857142857
2020-08-31,6046490,33526.0,41753.71428571428
2020-09-01,6088459,41969.0,41669.0
2020-09-02,6128577,40118.0,41372.71428571428
2020-09-03,6173788,45211.0,40626.142857142855
2020-09-04,6222447,48659.0,40960.28571428572
2020-09-05,6265685,43238.0,40984.142857142855
2020-09-06,6294763,29078.0,40257.0
2020-09-07,6319465,24702.0,38996.42857142857
2020-09-08,6346568,27103.0,36872.71428571428
2020-09-09,6380419,33851.0,35977.42857142857
2020-09-10,6420041,39622.0,35179.0
2020-09-11,6464866,44825.0,34631.28571428572
2020-09-12,6510481,45615.0,34970.857142857145
2020-09-13,6550789,40308.0,36575.142857142855
2020-09-14,6583690,32901.0,37746.42857142857
2020-09-15,6621129,37439.0,39223.0
2020-09-16,6659478,38349.0,39865.57142857143
2020-09-17,6704919,45441.0,40696.857142857145
2020-09-18,6755146,50227.0,41468.57142857143
2020-09-19,6800801,45655.0,41474.28571428572
2020-09-20,6842406,41605.0,41659.57142857143
2020-09-21,6874666,32260.0,41568.0
2020-09-22,6912974,38308.0,41692.142857142855
2020-09-23,6954204,41230.0,42103.71428571428
2020-09-24,7003201,48997.0,42611.71428571428
2020-09-25,7050827,47626.0,42240.142857142855
2020-09-26,7094717,43890.0,41988.0
2020-09-27,7128424,33707.0,40859.71428571428
2020-09-28,7164995,36571.0,41475.57142857143
2020-09-29,7207285,42290.0,42044.42857142857
2020-09-30,7246201,38916.0,41713.857142857145
2020-10-01,7292563,46362.0,41337.42857142857
2020-10-02,7346110,53547.0,42183.28571428572
2020-10-03,7395490,49380.0,42967.57142857143
2020-10-04,7428860,33370.0,42919.42857142857
2020-10-05,7466807,37947.0,43116.0
2020-10-06,7511828,45021.0,43506.142857142855
2020-10-07,7561295,49467.0,45013.42857142857
2020-10-08,7619508,58213.0,46706.42857142857
2020-10-09,7674839,55331.0,46961.28571428572
2020-10-10,7730093,55254.0,47800.42857142857
2020-10-11,7776973,46880.0,49730.42857142857
2020-10-12,7819928,42955.0,50445.857142857145
2020-10-13,7870524,50596.0,51242.28571428572
2020-10-14,7929695,59171.0,52628.57142857143
2020-10-15,7993557,63862.0,53435.57142857143
2020-10-16,8063867,70310.0,55575.42857142857
2020-10-17,8118717,54850.0,55517.71428571428
2020-10-18,8171011,52294.0,56291.142857142855
2020-10-19,8239748,68737.0,59974.28571428572
2020-10-20,8302319,62571.0,61685.0
2020-10-21,8363744,61425.0,62007.0
2020-10-22,8443960,80216.0,64343.28571428572
2020-10-23,8526092,82132.0,66032.14285714286
2020-10-24,8604191,78099.0,69353.42857142857
2020-10-25,8664568,60377.0,70508.14285714286
2020-10-26,8729038,64470.0,69898.57142857143
2020-10-27,8808015,78977.0,72242.28571428571
2020-10-28,8896403,88388.0,76094.14285714286
2020-10-29,8989082,92679.0,77874.57142857143
2020-10-30,9089581,100499.0,80498.42857142857
2020-10-31,9176353,86772.0,81737.42857142857
2020-11-01,9254491,78138.0,84274.71428571429
2020-11-02,9338429,83938.0,87055.85714285714
2020-11-03,9465331,126902.0,93902.28571428571
2020-11-04,9567400,102069.0,95856.71428571429
2020-11-05,9697432,130032.0,101192.85714285714
2020-11-06,9826559,129127.0,105282.57142857143
2020-11-07,9953781,127222.0,111061.14285714286
2020-11-08,10073149,119368.0,116951.14285714286
2020-11-09,10192674,119525.0,122035.0
2020-11-10,10331958,139284.0,123803.85714285714
2020-11-11,10481517,149559.0,130588.14285714286
2020-11-12,10641054,159537.0,134803.14285714287
2020-11-13,10819815,178761.0,141893.7142857143
2020-11-14,10982695,162880.0,146987.7142857143
2020-11-15,11121209,138514.0,149722.85714285713
2020-11-16,11276946,155737.0,154896.0
2020-11-17,11444298,167352.0,158905.7142857143
2020-11-18,11617714,173416.0,162313.85714285713
2020-11-19,11809681,191967.0,166946.7142857143
2020-11-20,12010766,201085.0,170135.85714285713
2020-11-21,12188370,177604.0,172239.2857142857
2020-11-22,12333605,145235.0,173199.42857142858
2020-11-23,12517891,184286.0,177277.85714285713
2020-11-24,12692859,174968.0,178365.85714285713
2020-11-25,12874110,181251.0,179485.14285714287
2020-11-26,12987021,112911.0,168191.42857142858
2020-11-27,13202223,215202.0,170208.14285714287
2020-11-28,13369712,167489.0,168763.14285714287
2020-11-29,13509385,139673.0,167968.57142857142
2020-11-30,13667916,158531.0,164289.2857142857
2020-12-01,13866747,198831.0,167698.2857142857
2020-12-02,14063763,197016.0,169950.42857142858
2020-12-03,14283186,219423.0,185166.42857142858
2020-12-04,14518320,235134.0,188013.85714285713
2020-12-05,14738243,219923.0,195504.42857142858
2020-12-06,14916374,178131.0,200998.42857142858
2020-12-07,15112615,196241.0,206385.57142857142
2020-12-08,15340114,227499.0,210481.0
2020-12-09,15555849,215735.0,213155.14285714287
2020-12-10,15791626,235777.0,215491.42857142858
2020-12-11,16028528,236902.0,215744.0
2020-12-12,16251284,222756.0,216148.7142857143
2020-12-13,16441926,190642.0,217936.0
2020-12-14,16652287,210361.0,219953.14285714287
2020-12-15,16879508,227221.0,219913.42857142858
2020-12-16,17113651,234143.0,222543.14285714287
2020-12-17,17352825,239174.0,223028.42857142858
2020-12-18,17599265,246440.0,224391.0
2020-12-19,17804290,205025.0,221858.0
2020-12-20,17990459,186169.0,221219.0
2020-12-21,18187884,197425.0,219371.0
2020-12-22,18393674,205790.0,216309.42857142858
2020-12-23,18614461,220787.0,214401.42857142858
2020-12-24,18826056,211595.0,210461.57142857142
2020-12-25,18951580,125524.0,193187.85714285713
2020-12-26,19169548,217968.0,195036.85714285713
2020-12-27,19305731,136183.0,187896.0
2020-12-28,19480364,174633.0,184640.0
2020-12-29,19687206,206842.0,184790.2857142857
2020-12-30,19905955,218749.0,184499.14285714287
2020-12-31,20219881,313926.0,199117.85714285713
2021-01-01,20397401,177520.0,206545.85714285713
2021-01-02,20670025,272624.0,214353.85714285713
2021-01-03,20873238,203213.0,223929.57142857142
2021-01-04,21059971,186733.0,225658.14285714287
2021-01-05,21292113,232142.0,229272.42857142858
2021-01-06,21551828,259715.0,235124.7142857143
2021-01-07,21836891,285063.0,231001.42857142858
2021-01-08,22139751,302860.0,248907.14285714287
2021-01-09,22403255,263504.0,247604.2857142857
2021-01-10,22613201,209946.0,248566.14285714287
2021-01-11,22817703,204502.0,251104.57142857142
2021-01-12,23040119,222416.0,249715.14285714287
2021-01-13,23268794,228675.0,245280.85714285713
2021-01-14,23503718,234924.0,238118.14285714287
2021-01-15,23748054,244336.0,229757.57142857142
2021-01-16,23965036,216982.0,223111.57142857142
2021-01-17,24141201,176165.0,218285.7142857143
2021-01-18,24282485,141284.0,209254.57142857142
2021-01-19,24439499,157014.0,199911.42857142858
2021-01-20,24627167,187668.0,194053.2857142857
2021-01-21,24819194,192027.0,187925.14285714287
2021-01-22,25010550,191356.0,180356.57142857142
2021-01-23,25187889,177339.0,174693.2857142857
2021-01-24,25327684,139795.0,169497.57142857142
2021-01-25,25457657,129973.0,167881.7142857143
2021-01-26,25608950,151293.0,167064.42857142858
2021-01-27,25764115,155165.0,162421.14285714287
2021-01-28,25930830,166715.0,158805.14285714287
2021-01-29,26094129,163299.0,154797.0
2021-01-30,26244538,150409.0,150949.85714285713
2021-01-31,26357109,112571.0,147060.7142857143
2021-02-01,26482921,125812.0,146466.2857142857
2021-02-02,26600311,117390.0,141623.0
2021-02-03,26724686,124375.0,137224.42857142858
2021-02-04,26849339,124653.0,131215.57142857142
2021-02-05,26979746,130407.0,126516.71428571429
2021-02-06,27096026,116280.0,121641.14285714286
2021-02-07,27185195,89169.0,118298.0
2021-02-08,27268357,83162.0,112205.14285714286
2021-02-09,27364115,95758.0,109114.85714285714
2021-02-10,27459810,95695.0,105017.71428571429
2021-02-11,27565962,106152.0,102374.71428571429
2021-02-12,27665521,99559.0,97967.85714285714
2021-02-13,27755869,90348.0,94263.28571428571
2021-02-14,27824059,68190.0,91266.28571428571
2021-02-15,27880163,56104.0,87400.85714285714
2021-02-16,27940001,59838.0,82269.42857142857
2021-02-17,28009006,69005.0,78456.57142857143
2021-02-18,28081256,72250.0,73613.42857142857
2021-02-19,28156130,74874.0,70087.0
2021-02-20,28229711,73581.0,67691.71428571429
2021-02-21,28284964,55253.0,65843.57142857143
2021-02-22,28341020,56056.0,65836.71428571429
2021-02-23,28414850,73830.0,67835.57142857143
2021-02-24,28489831,74981.0,68689.28571428571
2021-02-25,28566891,77060.0,69376.42857142857
2021-02-26,28641814,74923.0,69383.42857142857
2021-02-27,28712644,70830.0,68990.42857142857
2021-02-28,28764300,51656.0,68476.57142857143
2021-03-01,28814422,50122.0,67628.85714285714
2021-03-02,28873099,58677.0,65464.142857142855
2021-03-03,28940167,67068.0,64333.71428571428
2021-03-04,29008608,68441.0,63102.42857142857
2021-03-05,29075790,67182.0,61996.57142857143
2021-03-06,29136553,60763.0,60558.42857142857
2021-03-07,29178097,41544.0,59113.857142857145
2021-03-08,29222845,44748.0,58346.142857142855
2021-03-09,29278676,55831.0,57939.57142857143
2021-03-10,29336396,57720.0,56604.142857142855
2021-03-11,29398151,61755.0,55649.0
2021-03-12,29460425,62274.0,54947.857142857145
2021-03-13,29516683,56258.0,54304.28571428572
2021-03-14,29555249,38566.0,53878.857142857145
2021-03-15,29606786,51537.0,54848.71428571428
2021-03-16,29661865,55079.0,54741.28571428572
2021-03-17,29721744,59879.0,55049.71428571428
2021-03-18,29783947,62203.0,55113.71428571428
2021-03-19,29844857,60910.0,54918.857142857145
2021-03-20,29903124,58267.0,55205.857142857145
2021-03-21,29938536,35412.0,54755.28571428572
2021-03-22,29986973,48437.0,54312.42857142857
2021-03-23,30039699,52726.0,53976.28571428572
2021-03-24,30127524,87825.0,57968.57142857143
2021-03-25,30194913,67389.0,58709.42857142857
2021-03-26,30271057,76144.0,60885.71428571428
2021-03-27,30334849,63792.0,61675.0
2021-03-28,30381221,46372.0,63240.71428571428
2021-03-29,30447864,66643.0,65841.57142857143
2021-03-30,30510086,62222.0,67198.14285714286
2021-03-31,30579488,69402.0,64566.28571428572
2021-04-01,30656333,76845.0,65917.14285714286
2021-04-02,30730197,73864.0,65591.42857142857
2021-04-03,30794706,64509.0,65693.85714285714
2021-04-04,30832573,37867.0,64478.857142857145
2021-04-05,30900797,68224.0,64704.71428571428
2021-04-06,30964192,63395.0,64872.28571428572
2021-04-07,31039931,75739.0,65777.57142857143
2021-04-08,31119775,79844.0,66206.0
2021-04-09,31204187,84412.0,67712.85714285714
2021-04-10,31274551,70364.0,68549.28571428571
2021-04-11,31321882,47331.0,69901.28571428571
2021-04-12,31385084,63202.0,69183.85714285714
2021-04-13,31465797,80713.0,71657.85714285714
2021-04-14,31540759,74962.0,71546.85714285714
2021-04-15,31614987,74228.0,70744.57142857143
2021-04-16,31697735,82748.0,70506.85714285714
2021-04-17,31753119,55384.0,68366.85714285714
2021-04-18,31796942,43823.0,67865.71428571429
2021-04-19,31856777,59835.0,67384.71428571429
2021-04-20,31919206,62429.0,64772.71428571428
2021-04-21,31983896,64690.0,63305.28571428572
2021-04-22,32050109,66213.0,62160.28571428572
2021-04-23,32112759,62650.0,59289.142857142855
2021-04-24,32167066,54307.0,59135.28571428572
2021-04-25,32201474,34408.0,57790.28571428572
2021-04-26,32244762,43288.0,55426.42857142857
2021-04-27,32296819,52057.0,53944.71428571428
2021-04-28,32352653,55834.0,52679.57142857143
2021-04-29,32410332,57679.0,51460.42857142857
2021-04-30,32468058,57726.0,50757.0
2021-05-01,32516229,48171.0,49880.42857142857
2021-05-02,32546825,30596.0,49335.857142857145
2021-05-03,32592225,45400.0,49637.57142857143
2021-05-04,32634952,42727.0,48304.71428571428
2021-05-05,32680747,45795.0,46870.57142857143
2021-05-06,32726692,45945.0,45194.28571428572
2021-05-07,32774857,48165.0,43828.42857142857
2021-05-08,32809821,34964.0,41941.71428571428
2021-05-09,32832560,22739.0,40819.28571428572
2021-05-10,32865356,32796.0,39018.71428571428
2021-05-11,32900636,35280.0,37954.857142857145
2021-05-12,32936597,35961.0,36550.0
2021-05-13,32974480,37883.0,35398.28571428572
2021-05-14,33016062,41582.0,34457.857142857145
2021-05-15,33046543,30481.0,33817.42857142857
2021-05-16,33064175,17632.0,33087.857142857145
2021-05-17,33089706,25531.0,32050.0
2021-05-18,33118724,29018.0,31155.428571428572
2021-05-19,33147768,29044.0,30167.285714285714
2021-05-20,33177773,30005.0,29041.85714285714
2021-05-21,33206438,28665.0,27196.571428571428
2021-05-22,33227355,20917.0,25830.285714285714
2021-05-23,33241143,13788.0,25281.14285714286
2021-05-24,33263301,22158.0,24799.285714285714
2021-05-25,33287107,23806.0,24054.714285714286
2021-05-26,33311458,24351.0,23384.285714285714
2021-05-27,33338004,26546.0,22890.14285714286
2021-05-28,33359920,21916.0,21926.0
2021-05-29,33372894,12974.0,20791.285714285714
2021-05-30,33380100,7206.0,19851.0
2021-05-31,33386450,6350.0,17592.714285714286
2021-06-01,33407543,21093.0,17205.14285714286
2021-06-02,33424134,16591.0,16096.57142857143
2021-06-03,33442103,17969.0,14871.285714285714
2021-06-04,33459616,17513.0,14242.285714285714
2021-06-05,33474773,15157.0,14554.142857142857
2021-06-06,33480669,5896.0,14367.0
2021-06-07,33494855,14186.0,15486.42857142857
2021-06-08,33507654,12799.0,14301.57142857143
2021-06-09,33525855,18201.0,14531.57142857143
2021-06-10,33540372,14517.0,14038.42857142857
2021-06-11,33564876,24504.0,15037.142857142857
2021-06-12,33573697,8821.0,14132.0
2021-06-13,33578726,5029.0,14008.142857142857
2021-06-14,33590631,11905.0,13682.285714285714
2021-06-15,33601274,10643.0,13374.285714285714
2021-06-16,33613028,11754.0,12453.285714285714
2021-06-17,33624550,11522.0,12025.42857142857
2021-06-18,33645536,20986.0,11522.857142857143
2021-06-19,33654425,8889.0,11532.57142857143
2021-06-20,33659354,4929.0,11518.285714285714
2021-06-21,33670082,10728.0,11350.142857142857
2021-06-22,33680852,10770.0,11368.285714285714
2021-06-23,33693342,12490.0,11473.42857142857
2021-06-24,33707537,14195.0,11855.285714285714
2021-06-25,33732046,24509.0,12358.57142857143
2021-06-26,33741091,9045.0,12380.857142857143
2021-06-27,33745753,4662.0,12342.714285714286
2021-06-28,33759518,13765.0,12776.57142857143
2021-06-29,33767049,7531.0,12313.857142857143
2021-06-30,33782328,15279.0,12712.285714285714
2021-07-01,33797254,14926.0,12816.714285714286
2021-07-02,33826850,29596.0,13543.42857142857
2021-07-03,33832136,5286.0,13006.42857142857
2021-07-04,33836407,4271.0,12950.57142857143
2021-07-05,33845572,9165.0,12293.42857142857
2021-07-06,33868140,22568.0,14441.57142857143
2021-07-07,33888279,20139.0,15135.857142857143
2021-07-08,33909163,20884.0,15987.0
2021-07-09,33956137,46974.0,18469.571428571428
2021-07-10,33966179,10042.0,19149.0
2021-07-11,33977947,11768.0,20220.0
2021-07-12,34007608,29661.0,23148.0
2021-07-13,34034113,26505.0,23710.428571428572
2021-07-14,34065233,31120.0,25279.14285714286
2021-07-15,34097165,31932.0,26857.428571428572
2021-07-16,34175196,78031.0,31294.14285714286
2021-07-17,34189267,14071.0,31869.714285714286
2021-07-18,34209651,20384.0,33100.57142857143
2021-07-19,34258864,49213.0,35893.71428571428
2021-07-20,34298789,39925.0,37810.857142857145
2021-07-21,34346643,47854.0,40201.42857142857
2021-07-22,34403070,56427.0,43700.71428571428
2021-07-23,34523851,120781.0,49807.857142857145
2021-07-24,34553246,29395.0,51997.0
2021-07-25,34581900,28654.0,53178.42857142857
2021-07-26,34660438,78538.0,57367.71428571428
2021-07-27,34725589,65151.0,60971.42857142857
2021-07-28,34799159,73570.0,64645.142857142855
2021-07-29,34871515,72356.0,66920.71428571429
2021-07-30,35062671,191156.0,76974.28571428571
2021-07-31,35107407,44736.0,79165.85714285714
2021-08-01,35152821,45414.0,81560.14285714286
2021-08-02,35260295,107474.0,85693.85714285714
2021-08-03,35358374,98079.0,90397.85714285714
2021-08-04,35460779,102405.0,94517.14285714286
2021-08-05,35570383,109604.0,99838.28571428571
2021-08-06,35822342,251959.0,108524.42857142857
2021-08-07,35886269,63927.0,111266.0
2021-08-08,35922003,35734.0,109883.14285714286
2021-08-09,36080394,158391.0,117157.0
2021-08-10,36198715,118321.0,120048.71428571429
2021-08-11,36353209,154494.0,127490.0
2021-08-12,36497055,143846.0,132381.7142857143
2021-08-13,36723767,226712.0,128775.0
2021-08-14,36798003,74236.0,130247.71428571429
2021-08-15,36845902,47899.0,131985.57142857142
2021-08-16,37039224,193322.0,136975.7142857143
2021-08-17,37190454,151230.0,141677.0
2021-08-18,37357714,167260.0,143500.7142857143
2021-08-19,37513090,155376.0,145147.85714285713
2021-08-20,37752093,239003.0,146903.7142857143
2021-08-21,37845682,93589.0,149668.42857142858
2021-08-22,37891098,45416.0,149313.7142857143
2021-08-23,38097264,206166.0,151148.57142857142
2021-08-24,38252487,155223.0,151719.0
2021-08-25,38431642,179155.0,153418.2857142857
2021-08-26,38615433,183791.0,157477.57142857142
2021-08-27,38853779,238346.0,157383.7142857143
2021-08-28,38933864,80085.0,155454.57142857142
2021-08-29,38987094,53230.0,156570.85714285713
2021-08-30,39215012,227918.0,159678.2857142857
2021-08-31,39395093,180081.0,163229.42857142858
2021-09-01,39585480,190387.0,164834.0
2021-09-02,39764660,179180.0,164175.2857142857
2021-09-03,39999775,235115.0,163713.7142857143
2021-09-04,40087145,87370.0,164754.42857142858
2021-09-05,40151888,64743.0,166399.14285714287
2021-09-06,40241925,90037.0,146701.85714285713
2021-09-07,40452009,210084.0,150988.0
2021-09-08,40629633,177624.0,149164.7142857143
2021-09-09,40796340,166707.0,147382.85714285713
2021-09-10,41038030,241690.0,148322.14285714287
2021-09-11,41128605,90575.0,148780.0
2021-09-12,41178225,49620.0,146619.57142857142
2021-09-13,41385908,207683.0,163426.14285714287
2021-09-14,41531517,145609.0,154215.42857142858
2021-09-15,41704730,173213.0,153585.2857142857
2021-09-16,41863382,158652.0,152434.57142857142
2021-09-17,42074012,210630.0,147997.42857142858
2021-09-18,42150325,76313.0,145960.0
2021-09-19,42196356,46031.0,145447.2857142857
2021-09-20,42365737,169381.0,139975.57142857142
2021-09-21,42487616,121879.0,136585.57142857142
2021-09-22,42619247,131631.0,130645.28571428571
2021-09-23,42748323,129076.0,126420.14285714286
2021-09-24,42922892,174569.0,121268.57142857143
2021-09-25,42984807,61915.0,119211.71428571429
2021-09-26,43040464,55657.0,120586.85714285714
2021-09-27,43194365,153901.0,118375.42857142857
2021-09-28,43307575,113210.0,117137.0
2021-09-29,43429455,121880.0,115744.0
2021-09-30,43539602,110147.0,113039.85714285714
2021-10-01,43694434,154832.0,110220.28571428571
2021-10-02,43744230,49796.0,108489.0
2021-10-03,43790469,46239.0,107143.57142857143
2021-10-04,43931033,140564.0,105238.28571428571
2021-10-05,44026591,95558.0,102716.57142857143
2021-10-06,44139340,112749.0,101412.14285714286
2021-10-07,44240448,101108.0,100120.85714285714
2021-10-08,44371009,130561.0,96653.57142857143
2021-10-09,44411389,40380.0,95308.42857142857
2021-10-10,44452408,41019.0,94562.71428571429
2021-10-11,44545260,92852.0,87746.71428571429
2021-10-12,44656257,110997.0,89952.28571428571
2021-10-13,44764574,108317.0,89319.14285714286
2021-10-14,44850758,86184.0,87187.14285714286
2021-10-15,44959510,108752.0,84071.57142857143
2021-10-16,45000900,41390.0,84215.85714285714
2021-10-17,45034091,33191.0,83097.57142857143
2021-10-18,45130721,96630.0,83637.28571428571
2021-10-19,45213351,82630.0,79584.85714285714
2021-10-20,45305584,92233.0,77287.14285714286
2021-10-21,45382916,77332.0,76022.57142857143
2021-10-22,45478815,95899.0,74186.42857142857
2021-10-23,45513146,34331.0,73178.0
2021-10-24,45534117,20971.0,71432.28571428571
2021-10-25,45643590,109473.0,73267.0
2021-10-26,45711256,67666.0,71129.28571428571
2021-10-27,45813723,102467.0,72591.28571428571
2021-10-28,45888281,74558.0,72195.0
2021-10-29,45982999,94718.0,72026.28571428571
2021-10-30,46019338,36339.0,72313.14285714286
2021-10-31,46053369,34031.0,74178.85714285714
2021-11-01,46163209,109840.0,74231.28571428571
2021-11-02,46233302,70093.0,74578.0
2021-11-03,46320017,86715.0,72327.71428571429
2021-11-04,46401249,81232.0,73281.14285714286
2021-11-05,46498339,97090.0,73620.0
2021-11-06,46535633,37294.0,73756.42857142857
2021-11-07,46574625,38992.0,74465.14285714286
2021-11-08,46681955,107330.0,74106.57142857143
2021-11-09,46761953,79998.0,75521.57142857143
2021-11-10,46857087,95134.0,76724.28571428571
2021-11-11,46914763,57676.0,73359.14285714286
2021-11-12,47058884,144121.0,80077.85714285714
2021-11-13,47105077,46193.0,81349.14285714286
2021-11-14,47138979,33902.0,80622.0
2021-11-15,47270036,131057.0,84011.57142857143
2021-11-16,47358017,87981.0,85152.0
2021-11-17,47470423,112406.0,87619.42857142857
2021-11-18,47579006,108583.0,94891.85714285714
2021-11-19,47705277,126271.0,92341.85714285714
2021-11-20,47752533,47256.0,92493.71428571429
2021-11-21,47794062,41529.0,93583.28571428571
2021-11-22,47934958,140896.0,94988.85714285714
2021-11-23,48026680,91722.0,95523.28571428571
2021-11-24,48138252,111572.0,95404.14285714286
2021-11-25,48175309,37057.0,85186.14285714286
2021-11-26,48230002,54693.0,74960.71428571429
2021-11-27,48258469,28467.0,72276.57142857143
2021-11-28,48303592,45123.0,72790.0
2021-11-29,48488745,185153.0,79112.42857142857
2021-11-30,48606350,117605.0,82810.0
2021-12-01,48743353,137003.0,86443.0
2021-12-02,48881266,137913.0,100851.0
2021-12-03,49039264,157998.0,115608.85714285714
2021-12-04,49107072,67808.0,121229.0
2021-12-05,49163634,56562.0,122863.14285714286
2021-12-06,49338553,174919.0,121401.14285714286
2021-12-07,49451022,112469.0,120667.42857142857
2021-12-08,49600401,149379.0,122435.42857142857
2021-12-09,49724336,123935.0,120438.57142857143
2021-12-10,49881752,157416.0,120355.42857142857
2021-12-11,49939494,57742.0,118917.42857142857
2021-12-12,49992891,53397.0,118465.28571428571
2021-12-13,50176145,183254.0,119656.0
2021-12-14,50289495,113350.0,119781.85714285714
2021-12-15,50435110,145615.0,119244.14285714286
2021-12-16,50577301,142191.0,121852.14285714286
2021-12-17,50769810,192509.0,126865.42857142857
2021-12-18,50851492,81682.0,130285.42857142857
2021-12-19,50942411,90919.0,135645.7142857143
2021-12-20,51183574,241163.0,143918.42857142858
2021-12-21,51365848,182274.0,153764.7142857143
2021-12-22,51613702,247854.0,168370.2857142857
2021-12-23,51888091,274389.0,187255.7142857143
2021-12-24,52136359,248268.0,195221.2857142857
2021-12-25,52224674,88315.0,196168.85714285713
2021-12-26,52408195,183521.0,209397.7142857143
2021-12-27,52914266,506071.0,247241.7142857143
2021-12-28,53286726,372460.0,274411.14285714284
2021-12-29,53797747,511021.0,312006.4285714286
2021-12-30,54395695,597948.0,358229.14285714284
2021-12-31,54907738,512043.0,395911.28571428574
2022-01-01,55099969,192231.0,410756.4285714286
2022-01-02,55396212,296243.0,426859.5714285714
2022-01-03,56438999,1042787.0,503533.28571428574
2022-01-04,57267809,828810.0,568726.1428571428
2022-01-05,57943588,675779.0,592263.0
2022-01-06,58788193,844605.0,627499.7142857143
2022-01-07,59667187,878994.0,679921.2857142857
2022-01-08,60075862,408675.0,710841.8571428572
2022-01-09,60569276,493414.0,739009.1428571428
2022-01-10,61923784,1354508.0,783540.7142857143
2022-01-11,62710005,786221.0,777456.5714285715
2022-01-12,63563873,853868.0,802897.8571428572
2022-01-13,64429169,865296.0,805853.7142857143
2022-01-14,65308319,879150.0,805876.0
2022-01-15,65724621,416302.0,806965.5714285715
2022-01-16,66210719,486098.0,805920.4285714285
2022-01-17,66870965,660246.0,706740.1428571428
2022-01-18,68003833,1132868.0,756261.1428571428
2022-01-19,68913678,909845.0,764257.8571428572
2022-01-20,69644560,730882.0,745055.8571428572
2022-01-21,70450301,805741.0,734568.8571428572
2022-01-22,70760261,309960.0,719377.1428571428
2022-01-23,71131181,370920.0,702923.1428571428
2022-01-24,72039933,908752.0,738424.0
2022-01-25,72532192,492259.0,646908.4285714285
2022-01-26,73209293,677101.0,613659.2857142857
2022-01-27,73712581,503288.0,581145.8571428572
2022-01-28,74325227,612646.0,553560.8571428572
2022-01-29,74507900,182673.0,535377.0
2022-01-30,74708911,201011.0,511104.28571428574
2022-01-31,75244223,535312.0,457755.71428571426
2022-02-01,75570659,326436.0,434066.71428571426
2022-02-02,75897756,327097.0,384066.14285714284
2022-02-03,76171380,273624.0,351257.0
2022-02-04,76526119,354739.0,314413.14285714284
2022-02-05,76614539,88420.0,300948.4285714286
2022-02-06,76699561,85022.0,284378.5714285714
2022-02-07,77042151,342590.0,256846.85714285713
2022-02-08,77255967,213816.0,240758.2857142857
2022-02-09,77443119,187152.0,220766.14285714287
2022-02-10,77613484,170365.0,206014.85714285713
2022-02-11,77821654,208170.0,185076.42857142858
2022-02-12,77874448,52794.0,179987.0
2022-02-13,77933644,59196.0,176297.57142857142
2022-02-14,78100844,167200.0,151241.85714285713
2022-02-15,78211227,110383.0,136465.7142857143
2022-02-16,78325034,113807.0,125987.85714285714
2022-02-17,78426302,101268.0,116116.85714285714
2022-02-18,78570189,143887.0,106933.57142857143
2022-02-19,78602347,32158.0,103985.57142857143
2022-02-20,78625889,23542.0,98892.14285714286
2022-02-21,78705534,79645.0,86384.28571428571
2022-02-22,78794717,89183.0,83355.71428571429
2022-02-23,78878763,84046.0,79104.14285714286
2022-02-24,78945291,66528.0,74141.28571428571
2022-02-25,79018933,73642.0,64106.28571428572
2022-02-26,79066775,47842.0,66346.85714285714
2022-02-27,79085308,18533.0,65631.28571428571
2022-02-28,79182072,96764.0,68076.85714285714
2022-03-01,79228526,46454.0,61972.71428571428
2022-03-02,79281550,53024.0,57541.0
2022-03-03,79330037,48487.0,54963.71428571428
2022-03-04,79388536,58499.0,52800.42857142857
2022-03-05,79403803,15267.0,48146.857142857145
2022-03-06,79416427,12624.0,47302.71428571428
2022-03-07,79469905,53478.0,41119.0
2022-03-08,79499241,29336.0,38673.57142857143
2022-03-09,79536136,36895.0,36369.42857142857
2022-03-10,79581803,45667.0,35966.57142857143
2022-03-11,79630563,48760.0,34575.28571428572
2022-03-12,79641081,10518.0,33896.857142857145
2022-03-13,79652389,11308.0,33708.857142857145
2022-03-14,79686659,34270.0,30964.85714285714
2022-03-15,79710172,23513.0,30133.0
2022-03-16,79761407,51235.0,32181.571428571428
2022-03-17,79813432,52025.0,33089.857142857145
2022-03-18,79845064,31632.0,30643.0
2022-03-19,79856186,11122.0,30729.285714285714
2022-03-20,79867851,11665.0,30780.285714285714
2022-03-21,79908896,41045.0,31748.14285714286
2022-03-22,79930125,21229.0,31421.85714285714
2022-03-23,79970024,39899.0,29802.428571428572
2022-03-24,80012075,42051.0,28377.571428571428
2022-03-25,80056490,44415.0,30203.714285714286
2022-03-26,80066185,9695.0,29999.85714285714
2022-03-27,80078221,12036.0,30052.85714285714
2022-03-28,80115933,37712.0,29576.714285714286
2022-03-29,80138992,23059.0,29838.14285714286
2022-03-30,80177109,38117.0,29583.571428571428
2022-03-31,80221659,44550.0,29940.571428571428
2022-04-01,80252822,31163.0,28047.428571428572
2022-04-02,80264902,12080.0,28388.14285714286
2022-04-03,80269916,5014.0,27385.0
2022-04-04,80308034,38118.0,27443.0
2022-04-05,80333004,24970.0,27716.0
2022-04-06,80372934,39930.0,27975.0
2022-04-07,80422607,49673.0,28706.85714285714
2022-04-08,80495785,73178.0,34709.0
2022-04-09,80508841,13056.0,34848.42857142857
2022-04-10,80518648,9807.0,35533.142857142855
2022-04-11,80556762,38114.0,35532.57142857143
2022-04-12,80591984,35222.0,36997.142857142855
2022-04-13,80642046,50062.0,38444.57142857143
2022-04-14,80695905,53859.0,39042.57142857143
2022-04-15,80730374,34469.0,33512.71428571428
2022-04-16,80743193,12819.0,33478.857142857145
2022-04-17,80751116,7923.0,33209.71428571428
2022-04-18,80810667,59551.0,36272.142857142855
2022-04-19,80849167,38500.0,36740.42857142857
2022-04-20,80916941,67774.0,39270.71428571428
2022-04-21,80977423,60482.0,40216.857142857145
2022-04-22,81065998,88575.0,47946.28571428572
2022-04-23,81086701,20703.0,49072.57142857143
2022-04-24,81100684,13983.0,49938.28571428572
2022-04-25,81168488,67804.0,51117.28571428572
2022-04-26,81213378,44890.0,52030.142857142855
2022-04-27,81303190,89812.0,55178.42857142857
2022-04-28,81380164,76974.0,57534.42857142857
2022-04-29,81441418,61254.0,53631.42857142857
2022-04-30,81466515,25097.0,54259.142857142855
2022-05-01,81483878,17363.0,54742.0
2022-05-02,81577751,93873.0,58466.142857142855
2022-05-03,81627417,49666.0,59148.42857142857
2022-05-04,81739767,112350.0,62368.142857142855
2022-05-05,81827980,88213.0,63973.71428571428
2022-05-06,81957032,129052.0,73659.14285714286
2022-05-07,81986083,29051.0,74224.0
2022-05-08,81992696,6613.0,72688.28571428571
2022-05-09,82121875,129179.0,77732.0
2022-05-10,82192395,70520.0,80711.14285714286
2022-05-11,82353418,161023.0,87664.42857142857
2022-05-12,82458758,105340.0,90111.14285714286
2022-05-13,82546019,87261.0,84141.0
2022-05-14,82564507,18488.0,82632.0
2022-05-15,82597636,33129.0,86420.0
2022-05-16,82774560,176924.0,93240.71428571429
2022-05-17,82859886,85326.0,95355.85714285714
2022-05-18,83063720,203834.0,101471.71428571429
2022-05-19,83199269,135549.0,105787.28571428571
2022-05-20,83348050,148781.0,114575.85714285714
2022-05-21,83376204,28154.0,115956.71428571429
2022-05-22,83397052,20848.0,114202.28571428571
2022-05-23,83538581,141529.0,109145.85714285714
2022-05-24,83622443,83862.0,108936.71428571429
2022-05-25,83833181,210738.0,109923.0
2022-05-26,83968711,135530.0,109920.28571428571
2022-05-27,84076542,107831.0,104070.28571428571
2022-05-28,84090814,14272.0,102087.14285714286
2022-05-29,84097941,7127.0,100127.0
2022-05-30,84160453,62512.0,88838.85714285714
2022-05-31,84327623,167170.0,100740.0
2022-06-01,84556346,228723.0,103309.28571428571
2022-06-02,84678666,122320.0,101422.14285714286
2022-06-03,84835652,156986.0,108444.28571428571
2022-06-04,84863797,28145.0,110426.14285714286
2022-06-05,84880180,16383.0,111748.42857142857
2022-06-06,85040000,159820.0,125649.57142857143
2022-06-07,85126635,86635.0,114144.57142857143
2022-06-08,85325235,198600.0,109841.28571428571
2022-06-09,85457174,131939.0,111215.42857142857
2022-06-10,85563335,106161.0,103954.71428571429
2022-06-11,85598730,35395.0,104990.42857142857
2022-06-12,85616604,17874.0,105203.42857142857
2022-06-13,85768172,151568.0,104024.57142857143
2022-06-14,85858349,90177.0,104530.57142857143
2022-06-15,86043237,184888.0,102571.71428571429
2022-06-16,86173269,130032.0,102299.28571428571
2022-06-17,86312081,138812.0,106963.71428571429
2022-06-18,86329874,17793.0,104449.14285714286
2022-06-19,86348026,18152.0,104488.85714285714
2022-06-20,86444069,96043.0,96556.71428571429
2022-06-21,86555254,111185.0,99557.85714285714
2022-06-22,86740614,185360.0,99625.28571428571
2022-06-23,86879321,138707.0,100864.57142857143
2022-06-24,86996527,117206.0,97778.0
2022-06-25,87037642,41115.0,101109.71428571429
2022-06-26,87060105,22463.0,101725.57142857143
2022-06-27,87220041,159936.0,110853.14285714286
2022-06-28,87317851,97810.0,108942.42857142857
2022-06-29,87507744,189893.0,109590.0
2022-06-30,87675497,167753.0,113739.42857142857
2022-07-01,87832335,156838.0,119401.14285714286
2022-07-02,87852914,20579.0,116467.42857142857
2022-07-03,87861573,8659.0,114495.42857142857
2022-07-04,87938030,76457.0,102569.85714285714
2022-07-05,88079445,141415.0,108799.14285714286
2022-07-06,88279848,200403.0,110300.57142857143
2022-07-07,88418909,139061.0,106201.71428571429
2022-07-08,88556616,137707.0,103468.71428571429
2022-07-09,88585917,29301.0,104714.71428571429
2022-07-10,88610685,24768.0,107016.0
2022-07-11,88811559,200874.0,124789.85714285714
2022-07-12,88959760,148201.0,125759.28571428571
2022-07-13,89164076,204316.0,126318.28571428571
2022-07-14,89339527,175451.0,131516.85714285713
2022-07-15,89492720,153193.0,133729.14285714287
2022-07-16,89532172,39452.0,135179.2857142857
2022-07-17,89562008,29836.0,135903.2857142857
2022-07-18,89726854,164846.0,130756.42857142857
2022-07-19,89844049,117195.0,126327.0
2022-07-20,90060452,216403.0,128053.71428571429
2022-07-21,90236212,175760.0,128097.85714285714
2022-07-22,90367616,131404.0,124985.14285714286
2022-07-23,90394217,26601.0,123149.28571428571
2022-07-24,90417708,23491.0,122242.85714285714
2022-07-25,90607567,189859.0,125816.14285714286
2022-07-26,90739662,132095.0,127944.71428571429
2022-07-27,90979439,239777.0,131283.85714285713
2022-07-28,91156816,177377.0,131514.85714285713
2022-07-29,91316052,159236.0,135490.85714285713
2022-07-30,91332279,16227.0,134008.85714285713
2022-07-31,91345500,13221.0,132541.7142857143
2022-08-01,91515311,169811.0,129677.71428571429
2022-08-02,91606246,90935.0,123797.71428571429
2022-08-03,91806645,200399.0,118172.28571428571
2022-08-04,91993968,187323.0,119593.14285714286
2022-08-05,92100085,106117.0,112004.71428571429
2022-08-06,92115225,15140.0,111849.42857142857
2022-08-07,92127962,12737.0,111780.28571428571
2022-08-08,92283156,155194.0,109692.14285714286
2022-08-09,92382916,99760.0,110952.85714285714
2022-08-10,92579399,196483.0,110393.42857142857
2022-08-11,92742377,162978.0,106915.57142857143
2022-08-12,92839032,96655.0,105563.85714285714
2022-08-13,92922848,83816.0,115374.71428571429
2022-08-14,92932669,9821.0,114958.14285714286
2022-08-15,93055367,122698.0,110315.85714285714
2022-08-16,93147144,91777.0,109175.42857142857
2022-08-17,93284016,136872.0,100659.57142857143
2022-08-18,93433144,149128.0,98681.0
2022-08-19,93510693,77549.0,95951.57142857143
2022-08-20,93521907,11214.0,85579.85714285714
2022-08-21,93531782,9875.0,85587.57142857143
2022-08-22,93660731,128949.0,86480.57142857143
2022-08-23,93760016,99285.0,87553.14285714286
2022-08-24,93911704,151688.0,89669.71428571429
2022-08-25,94051364,139660.0,88317.14285714286
2022-08-26,94172441,121077.0,94535.42857142857
2022-08-27,94184363,11922.0,94636.57142857143
2022-08-28,94192955,8592.0,94453.28571428571
2022-08-29,94299131,106176.0,91200.0
2022-08-30,94374765,75634.0,87821.28571428571
2022-08-31,94528939,154174.0,88176.42857142857
2022-09-01,94659168,130229.0,86829.14285714286
2022-09-02,94723808,64640.0,78766.71428571429
2022-09-03,94735296,11488.0,78704.71428571429
2022-09-04,94742779,7483.0,78546.28571428571
2022-09-05,94776454,33675.0,68189.0
2022-09-06,94888901,112447.0,73448.0
2022-09-07,95012873,123972.0,69133.42857142857
2022-09-08,95120095,107222.0,65846.71428571429
2022-09-09,95220855,100760.0,71006.71428571429
2022-09-10,95231015,10160.0,70817.0
2022-09-11,95240059,9044.0,71040.0
2022-09-12,95309449,69390.0,76142.14285714286
2022-09-13,95389122,79673.0,71460.14285714286
2022-09-14,95492323,103201.0,68492.85714285714
2022-09-15,95575960,83637.0,65123.57142857143
2022-09-16,95632196,56236.0,58763.0
2022-09-17,95640767,8571.0,58536.0
2022-09-18,95646258,5491.0,58028.42857142857
2022-09-19,95701949,55691.0,56071.42857142857
2022-09-20,95771211,69262.0,54584.142857142855
2022-09-21,95869575,98364.0,53893.142857142855
2022-09-22,95950646,81071.0,53526.57142857143
2022-09-23,96033930,83284.0,57390.57142857143
2022-09-24,96043688,9758.0,57560.142857142855
2022-09-25,96050433,6745.0,57739.28571428572
2022-09-26,96095985,45552.0,56290.857142857145
2022-09-27,96157033,61048.0,55117.42857142857
2022-09-28,96243578,86545.0,53429.0
2022-09-29,96328114,84536.0,53924.0
2022-09-30,96361678,33564.0,46821.142857142855
2022-10-01,96369724,8046.0,46576.57142857143
2022-10-02,96375608,5884.0,46453.57142857143
2022-10-03,96417095,41487.0,45872.857142857145
2022-10-04,96472453,55358.0,45060.0
2022-10-05,96543831,71378.0,42893.28571428572
2022-10-06,96604796,60965.0,39526.0
2022-10-07,96663130,58334.0,43064.57142857143
2022-10-08,96670971,7841.0,43035.28571428572
2022-10-09,96676610,5639.0,43000.28571428572
2022-10-10,96699681,23071.0,40369.42857142857
2022-10-11,96760525,60844.0,41153.142857142855
2022-10-12,96825225,64700.0,40199.142857142855
2022-10-13,96888844,63619.0,40578.28571428572
2022-10-14,96915918,27074.0,36112.57142857143
2022-10-15,96922004,6086.0,35861.857142857145
2022-10-16,96928820,6816.0,36030.0
2022-10-17,96967772,38952.0,38298.71428571428
2022-10-18,97011435,43663.0,35844.28571428572
2022-10-19,97072134,60699.0,35272.71428571428
2022-10-20,97129565,57431.0,34388.71428571428
2022-10-21,97175689,46124.0,37110.142857142855
2022-10-22,97181178,5489.0,37024.857142857145
2022-10-23,97189814,8636.0,37284.857142857145
2022-10-24,97229198,39384.0,37346.57142857143
2022-10-25,97273000,43802.0,37366.42857142857
2022-10-26,97344540,71540.0,38915.142857142855
2022-10-27,97403880,59340.0,39187.857142857145
2022-10-28,97434321,30441.0,36947.42857142857
2022-10-29,97443447,9126.0,37467.0
2022-10-30,97446879,3432.0,36723.57142857143
2022-10-31,97491846,44967.0,37521.142857142855
2022-11-01,97540814,48968.0,38259.142857142855
2022-11-02,97614852,74038.0,38616.0
2022-11-03,97685695,70843.0,40259.28571428572
2022-11-04,97724406,38711.0,41440.71428571428
2022-11-05,97729710,5304.0,40894.71428571428
2022-11-06,97737841,8131.0,41566.0
2022-11-07,97778514,40673.0,40952.57142857143
2022-11-08,97809969,31455.0,38450.71428571428
2022-11-09,97907293,97324.0,41777.28571428572
2022-11-10,97973635,66342.0,41134.28571428572
2022-11-11,97986819,13184.0,37487.57142857143
2022-11-12,97992088,5269.0,37482.57142857143
2022-11-13,97994731,2643.0,36698.57142857143
2022-11-14,98045142,50411.0,38089.71428571428
2022-11-15,98105019,59877.0,42150.0
2022-11-16,98189764,84745.0,40353.0
2022-11-17,98243862,54098.0,38603.857142857145
2022-11-18,98299460,55598.0,44663.0
2022-11-19,98304478,5018.0,44627.142857142855
2022-11-20,98308425,3947.0,44813.42857142857
2022-11-21,98352945,44520.0,43971.857142857145
2022-11-22,98409266,56321.0,43463.857142857145
2022-11-23,98522698,113432.0,47562.0
2022-11-24,98539023,16325.0,42165.857142857145
2022-11-25,98561352,22329.0,37413.142857142855
2022-11-26,98564651,3299.0,37167.57142857143
2022-11-27,98570599,5948.0,37453.42857142857
2022-11-28,98632925,62326.0,39997.142857142855
2022-11-29,98700385,67460.0,41588.42857142857
2022-11-30,98813400,113015.0,41528.857142857145
2022-12-01,98904029,90629.0,52143.71428571428
2022-12-02,98968415,64386.0,58151.857142857145
2022-12-03,98975552,7137.0,58700.142857142855
2022-12-04,98981119,5567.0,58645.71428571428
2022-12-05,99038945,57826.0,58002.857142857145
2022-12-06,99133959,95014.0,61939.142857142855
2022-12-07,99279412,145453.0,66573.14285714286
2022-12-08,99378688,99276.0,67808.42857142857
2022-12-09,99415297,36609.0,63840.28571428572
2022-12-10,99422565,7268.0,63859.0
2022-12-11,99428962,6397.0,63977.57142857143
2022-12-12,99488642,59680.0,64242.42857142857
2022-12-13,99582454,93812.0,64070.71428571428
2022-12-14,99731156,148702.0,64534.857142857145
2022-12-15,99843780,112624.0,66441.71428571429
2022-12-16,99898835,55055.0,69076.85714285714
2022-12-17,99905916,7081.0,69050.14285714286
2022-12-18,99911987,6071.0,69003.57142857143
2022-12-19,99972811,60824.0,69167.0
2022-12-20,100054789,81978.0,67476.42857142857
2022-12-21,100236957,182168.0,72257.28571428571
2022-12-22,100333145,96188.0,69909.28571428571
2022-12-23,100372381,39236.0,67649.42857142857
2022-12-24,100378903,6522.0,67569.57142857143
2022-12-25,100382117,3214.0,67161.42857142857
2022-12-26,100394549,12432.0,60248.28571428572
2022-12-27,100505484,110935.0,64385.0
2022-12-28,100618828,113344.0,54553.0
2022-12-29,100722818,103990.0,55667.57142857143
2022-12-30,100757296,34478.0,54987.857142857145
2022-12-31,100765248,7952.0,55192.142857142855
2023-01-01,100769543,4295.0,55346.57142857143
2023-01-02,100777853,8310.0,54757.71428571428
2023-01-03,100890152,112299.0,54952.57142857143
2023-01-04,101088268,198116.0,67062.85714285714
2023-01-05,101196118,107850.0,67614.28571428571
2023-01-06,101261306,65188.0,72001.42857142857
2023-01-07,101267161,5855.0,71701.85714285714
2023-01-08,101272871,5710.0,71904.0
2023-01-09,101315882,43011.0,76861.28571428571
2023-01-10,101399167,83285.0,72716.42857142857
2023-01-11,101538785,139618.0,64359.57142857143
2023-01-12,101603765,64980.0,58235.28571428572
2023-01-13,101637080,33315.0,53682.0
2023-01-14,101642365,5285.0,53600.57142857143
2023-01-15,101645683,3318.0,53258.857142857145
2023-01-16,101653200,7517.0,48188.28571428572
2023-01-17,101734455,81255.0,47898.28571428572
2023-01-18,101863085,128630.0,46328.57142857143
2023-01-19,101954273,91188.0,50072.57142857143
2023-01-20,101991792,37519.0,50673.142857142855
2023-01-21,101996920,5128.0,50650.71428571428
2023-01-22,102000208,3288.0,50646.42857142857
2023-01-23,102031261,31053.0,54008.71428571428
2023-01-24,102086995,55734.0,50362.857142857145
2023-01-25,102189303,102308.0,46602.57142857143
2023-01-26,102253419,64116.0,42735.142857142855
2023-01-27,102270340,16921.0,39792.57142857143
2023-01-28,102274935,4595.0,39716.42857142857
2023-01-29,102278427,3492.0,39745.57142857143
2023-01-30,102307558,29131.0,39471.0
2023-01-31,102362900,55342.0,39415.0
2023-02-01,102479408,116508.0,41443.57142857143
2023-02-02,102561083,81675.0,43952.0
2023-02-03,102599955,38872.0,47087.857142857145
2023-02-04,102604151,4196.0,47030.857142857145
2023-02-05,102607114,2963.0,46955.28571428572
2023-02-06,102631614,24500.0,46293.71428571428
2023-02-07,102677253,45639.0,44907.57142857143
2023-02-08,102760926,83673.0,40216.857142857145
2023-02-09,102842908,81982.0,40260.71428571428
2023-02-10,102855101,12193.0,36449.42857142857
2023-02-11,102859510,4409.0,36479.857142857145
2023-02-12,102862879,3369.0,36537.857142857145
2023-02-13,102886005,23126.0,36341.57142857143
2023-02-14,102934224,48219.0,36710.142857142855
2023-02-15,103023231,89007.0,37472.142857142855
2023-02-16,103083910,60679.0,34428.857142857145
2023-02-17,103131898,47988.0,39542.42857142857
2023-02-18,103134605,2707.0,39299.28571428572
2023-02-19,103136077,1472.0,39028.28571428572
2023-02-20,103138119,2042.0,36016.28571428572
2023-02-21,103198669,60550.0,37777.857142857145
2023-02-22,103308832,110163.0,40800.142857142855
2023-02-23,103365511,56679.0,40228.71428571428
2023-02-24,103378408,12897.0,35215.71428571428
2023-02-25,103381157,2749.0,35221.71428571428
2023-02-26,103382763,1606.0,35240.857142857145
2023-02-27,103399827,17064.0,37386.857142857145
2023-02-28,103443455,43628.0,34969.42857142857
2023-03-01,103533872,90417.0,32148.571428571428
2023-03-02,103589757,55885.0,32035.14285714286
2023-03-03,103648690,58933.0,38611.71428571428
2023-03-04,103650837,2147.0,38525.71428571428
2023-03-05,103646975,-3862.0,37744.57142857143
2023-03-06,103655539,8564.0,36530.28571428572
2023-03-07,103690910,35371.0,35350.71428571428
2023-03-08,103755771,64861.0,31699.85714285714
2023-03-09,103802702,46931.0,30420.714285714286
